timestamp,joint_0_x,joint_0_y,joint_0_z,joint_1_x,joint_1_y,joint_1_z,joint_2_x,joint_2_y,joint_2_z,joint_3_x,joint_3_y,joint_3_z,joint_4_x,joint_4_y,joint_4_z,joint_5_x,joint_5_y,joint_5_z,joint_6_x,joint_6_y,joint_6_z,joint_7_x,joint_7_y,joint_7_z,joint_8_x,joint_8_y,joint_8_z,joint_9_x,joint_9_y,joint_9_z,joint_10_x,joint_10_y,joint_10_z,joint_11_x,joint_11_y,joint_11_z,joint_12_x,joint_12_y,joint_12_z,joint_13_x,joint_13_y,joint_13_z,joint_14_x,joint_14_y,joint_14_z,joint_15_x,joint_15_y,joint_15_z,joint_16_x,joint_16_y,joint_16_z,joint_17_x,joint_17_y,joint_17_z,joint_18_x,joint_18_y,joint_18_z,joint_19_x,joint_19_y,joint_19_z,joint_20_x,joint_20_y,joint_20_z,joint_21_x,joint_21_y,joint_21_z,joint_22_x,joint_22_y,joint_22_z,joint_23_x,joint_23_y,joint_23_z,joint_24_x,joint_24_y,joint_24_z,joint_25_x,joint_25_y,joint_25_z,joint_26_x,joint_26_y,joint_26_z,joint_27_x,joint_27_y,joint_27_z,joint_28_x,joint_28_y,joint_28_z,joint_29_x,joint_29_y,joint_29_z,joint_30_x,joint_30_y,joint_30_z,joint_31_x,joint_31_y,joint_31_z,joint_32_x,joint_32_y,joint_32_z
2025-12-12T12:24:42.175564,0.2373250424861908,0.10478871315717697,0.44300001859664917,0.23154285550117493,0.07092228531837463,0.43622222542762756,0.23178663849830627,0.06720027327537537,0.43533337116241455,0.2308846116065979,0.06520320475101471,0.4363333582878113,0.2222914844751358,0.0733180046081543,0.44644445180892944,0.2160341590642929,0.0714690089225769,0.4533333480358124,0.21122579276561737,0.06986161321401596,0.4574444591999054,0.2159823626279831,0.06155578792095184,0.4516666829586029,0.19838961958885193,0.06556246429681778,0.4753333628177643,0.2332019805908203,0.1278463900089264,0.45777779817581177,0.2230457067489624,0.12885087728500366,0.4696666896343231,,,,0.13466745615005493,0.16857482492923737,0.5576667189598083,,,,,,,,,,,,,,,,,,,,,,0.1118539571762085,0.18974927067756653,0.5447778105735779,,,,0.11267145723104477,0.19345009326934814,0.5401111245155334,,,,,,,,,,,,,,,,,,,,,,,,,,,,,,
2025-12-12T12:24:42.227252,0.2139442414045334,0.11078114807605743,0.46833336353302,0.22052812576293945,0.06831743568181992,0.44733336567878723,0.22133706510066986,0.0666477382183075,0.44600000977516174,0.22499462962150574,0.06527429074048996,0.44166669249534607,0.20907865464687347,0.0719200000166893,0.4610000252723694,0.20442013442516327,0.07015114277601242,0.4694444537162781,0.20177620649337769,0.06929004937410355,0.4741111397743225,,,,0.19571031630039215,0.06597625464200974,0.47833335399627686,0.22787199914455414,0.1299564689397812,0.46533334255218506,0.21436843276023865,0.13194513320922852,0.48677781224250793,,,,0.13490892946720123,0.16704069077968597,0.5586667060852051,,,,,,,,,,,,,,,,,,,,,,,,,,,,,,,,,,,,,,,,,,,,,,,,,,,,,,,,,,,,
2025-12-12T12:24:42.280880,0.21985481679439545,0.11446870863437653,0.4645555913448334,0.22223615646362305,0.06816470623016357,0.4463333487510681,0.22252580523490906,0.06656472384929657,0.4454444646835327,,,,0.2107916623353958,0.07172931730747223,0.4597778022289276,0.20516933500766754,0.06961982697248459,0.4658889174461365,0.2026677429676056,0.06906270235776901,0.47255557775497437,,,,0.19571031630039215,0.06597625464200974,0.47833335399627686,0.2332427203655243,0.1336778849363327,0.4623333513736725,0.2149721384048462,0.133423313498497,0.48633337020874023,,,,0.12738467752933502,0.16955892741680145,0.557888925075531,,,,,,,,,,,,,,,,,,,,,,,,,,,,,,,,,,,,,,,,,,,,,,,,,,,,,,,,,,,,
2025-12-12T12:24:42.444486,0.23181308805942535,0.09794793277978897,0.445000022649765,0.22593390941619873,0.06295369565486908,0.44066667556762695,0.22954830527305603,0.06471596658229828,0.43788889050483704,,,,0.21683144569396973,0.06232878565788269,0.45188891887664795,0.21378448605537415,0.06274257600307465,0.4548889100551605,0.21023131906986237,0.06174097955226898,0.45855557918548584,0.21646054089069366,0.06466802209615707,0.45266667008399963,0.19981208443641663,0.06551648676395416,0.4750000238418579,0.2302028089761734,0.12835876643657684,0.4623333513736725,0.21933211386203766,0.128752663731575,0.4750000238418579,,,,0.12891501188278198,0.16392023861408234,0.5605555772781372,,,,,,,,,,,,,,,,,,,,,,,,,,,,,,,,,,,,,,,,,,,,,,,,,,,,,,,,,,,,
2025-12-12T12:24:42.488598,0.2031748741865158,0.10672778636217117,0.4848889112472534,0.21485930681228638,0.06485850363969803,0.4540000259876251,0.2174137532711029,0.06376712769269943,0.4515555799007416,0.22166791558265686,0.06601323932409286,0.4466666877269745,0.2053948938846588,0.06332750618457794,0.4646666944026947,0.20002983510494232,0.06299707293510437,0.4736666977405548,0.19760827720165253,0.06243749335408211,0.4753333628177643,0.21103622019290924,0.06552518159151077,0.45866668224334717,0.19658789038658142,0.06522036343812943,0.4785555899143219,0.21769577264785767,0.1316857784986496,0.48000001907348633,0.20375746488571167,0.13897162675857544,0.5254444479942322,,,,0.1306282877922058,0.1646781712770462,0.5600000023841858,,,,,,,,,,,,,,,,,,,,,,,,,,,,,,,,,,,,,,,,,,,,,,,,,,,,,,,,,,,,
2025-12-12T12:24:42.537705,0.2104475200176239,0.11142080277204514,0.47433334589004517,0.2158753126859665,0.06620471179485321,0.453000009059906,0.2191355675458908,0.06414420157670975,0.4490000307559967,0.22421744465827942,0.0654713436961174,0.44300001859664917,0.20632877945899963,0.06543034315109253,0.4633333683013916,0.20204825699329376,0.06420579552650452,0.47111114859580994,0.1995316594839096,0.06386534124612808,0.47433337569236755,0.2107294797897339,0.0661826953291893,0.4580000340938568,0.19635966420173645,0.06593027710914612,0.4780000150203705,0.220085009932518,0.13515938818454742,0.47833335399627686,0.20405100286006927,0.13800185918807983,0.5217778086662292,,,,0.12998032569885254,0.1702721267938614,0.5572222471237183,,,,,,,,,,,,,,,,,,,,,,,,,,,,,,,,,,,,,,,,,,,,,,,,,,,,,,,,,,,,
2025-12-12T12:24:42.600687,0.19499938189983368,0.11032439023256302,0.5049999952316284,0.20503723621368408,0.06829948723316193,0.4673333466053009,0.2053948938846588,0.06638234108686447,0.4646666944026947,0.20862211287021637,0.06823009997606277,0.46166667342185974,0.19793112576007843,0.06750151515007019,0.4780000150203705,0.19575577974319458,0.06520521640777588,0.4784444570541382,0.19050924479961395,0.06451916694641113,0.48511114716529846,0.2060108184814453,0.06862421333789825,0.46433335542678833,0.19485929608345032,0.0662214607000351,0.48011112213134766,0.2081451565027237,0.13542577624320984,0.502666711807251,0.20130164921283722,0.13770034909248352,0.5373333692550659,,,,0.13552173972129822,0.17555555701255798,0.5536667108535767,,,,,,,,,,,,,,,,,,,,,,,,,,,,,,,,,,,,,,,,,,,,,,,,,,,,,,,,,,,,
2025-12-12T12:24:42.674398,0.20253081619739532,0.11919575929641724,0.4970000088214874,0.2083134800195694,0.07065916061401367,0.46266669034957886,0.2087225317955017,0.06978122889995575,0.4618889093399048,0.2146894335746765,0.06877404451370239,0.4552222490310669,0.20179763436317444,0.07034844160079956,0.47600001096725464,0.19862449169158936,0.06825540214776993,0.4777778089046478,0.19320444762706757,0.06646666675806046,0.48188892006874084,0.2065761685371399,0.0708458200097084,0.46388891339302063,0.19494949281215668,0.06783102452754974,0.4803333580493927,0.21272052824497223,0.13503889739513397,0.49222224950790405,0.20298191905021667,0.13758234679698944,0.5234444737434387,,,,0.13477370142936707,0.17485584318637848,0.5543333292007446,,,,,,,,,,,,,,,,,,,,,,,,,,,,,,,,,,,,,,,,,,,,,,,,,,,,,,,,,,,,
2025-12-12T12:24:42.725937,0.2091008871793747,0.12173867970705032,0.487555593252182,0.21560557186603546,0.06933557242155075,0.4540000259876251,0.22003687918186188,0.0686228796839714,0.4493333697319031,0.23123745620250702,0.08114206790924072,0.44111111760139465,0.20466205477714539,0.07023416459560394,0.4700000286102295,0.19996243715286255,0.06896037608385086,0.4772222340106964,0.19329354166984558,0.06728969514369965,0.4821111261844635,,,,0.1949044018983841,0.0670260563492775,0.48022225499153137,0.2239149659872055,0.13697487115859985,0.47644445300102234,0.2072272151708603,0.13371430337429047,0.5024444460868835,,,,0.12860113382339478,0.17422370612621307,0.5552222728729248,,,,,,,,,,,,,,,,,,,,,,,,,,,,,,,,,,,,,,,,,,,,,,,,,,,,,,,,,,,,
2025-12-12T12:24:42.803951,0.21066159009933472,0.12079539149999619,0.483777791261673,0.21837075054645538,0.07274459302425385,0.4520000219345093,0.22511492669582367,0.07207842916250229,0.44333335757255554,0.23464643955230713,0.07984989881515503,0.43800002336502075,0.20321053266525269,0.056697096675634384,0.46666666865348816,0.1991577297449112,0.06218937784433365,0.47344446182250977,0.19265466928482056,0.05814152583479881,0.4785555899143219,,,,0.19339638948440552,0.05970073491334915,0.4784444570541382,0.22623686492443085,0.13523896038532257,0.4731111228466034,0.20559944212436676,0.12267368286848068,0.49455559253692627,,,,0.1277652382850647,0.16914580762386322,0.5595555901527405,,,,,,,,,,,,,,,,,,,,,,,,,,,,,,,,,,,,,,,,,,,,,,,,,,,,,,,,,,,,
2025-12-12T12:24:42.859186,,,,0.23250223696231842,0.07006227225065231,0.43533337116241455,,,,,,,0.2147015482187271,0.061828359961509705,0.45366668701171875,0.21012943983078003,0.06397096067667007,0.4583333730697632,0.20450100302696228,0.06199219077825546,0.46611112356185913,,,,0.1951647847890854,0.06030447781085968,0.47700002789497375,0.2391500174999237,0.14041544497013092,0.4620000123977661,0.22103001177310944,0.12318453192710876,0.468666672706604,,,,0.11875566095113754,0.17217788100242615,0.5604444742202759,,,,,,,,,,,,,,,,,,,,,,,,,,,,,,,,,,,,,,,,,,,,,,,,,,,,,,,,,,,,
2025-12-12T12:24:42.910781,0.2375584840774536,0.11395775526762009,0.4475555717945099,,,,,,,,,,0.217360258102417,0.06300945580005646,0.45144447684288025,0.21340098977088928,0.06434768438339233,0.4556666910648346,0.20632877945899963,0.061622750014066696,0.4633333683013916,,,,0.19774682819843292,0.060917701572179794,0.47566667199134827,,,,0.22569364309310913,0.12348317354917526,0.46400001645088196,,,,0.11866147816181183,0.1729617416858673,0.5600000023841858,,,,,,,,,,,,,,,,,,,,,,,,,,,,,,,,,,,,,,,,,,,,,,,,,,,,,,,,,,,,
2025-12-12T12:24:43.022022,,,,,,,,,,,,,0.22964142262935638,0.07361292839050293,0.43944448232650757,0.22433006763458252,0.07156436890363693,0.44466668367385864,0.2205570936203003,0.0707683265209198,0.448888897895813,0.2234315276145935,0.06858956068754196,0.44433337450027466,0.20507146418094635,0.06575984507799149,0.46566668152809143,,,,0.23093615472316742,0.1342277079820633,0.4668889045715332,,,,0.10508248209953308,0.178873673081398,0.56122225522995,,,,,,,,,,,,,,,,,,,,,,,,,,,,,,,,,,,,,,,,,,,,,,,,,,,,,,,,,,,,
2025-12-12T12:24:43.070403,,,,,,,,,,,,,0.23024727404117584,0.07646326720714569,0.4392222464084625,0.22438611090183258,0.07523735612630844,0.44477778673171997,0.2205265611410141,0.07395666837692261,0.4503333568572998,0.2238255739212036,0.06921584904193878,0.4436666965484619,0.20330099761486053,0.06979011744260788,0.472222238779068,,,,0.2339046448469162,0.14076747000217438,0.4682222604751587,,,,0.1010267585515976,0.17986522614955902,0.5643333196640015,,,,,,,,,,,,,,,,,,,,,,,,,,,,,,,,,,,,,,,,,,,,,,,,,,,,,,,,,,,,
2025-12-12T12:24:43.116167,,,,,,,,,,,,,0.23178726434707642,0.08108074963092804,0.44077780842781067,0.2250027060508728,0.07910925149917603,0.44600000977516174,0.2205265611410141,0.07765742391347885,0.4503333568572998,0.22673146426677704,0.07044413685798645,0.4422222375869751,0.20239093899726868,0.07184596359729767,0.47555556893348694,,,,0.23566745221614838,0.14398223161697388,0.4686667025089264,,,,0.09684401005506516,0.18164707720279694,0.5670000314712524,,,,,,,,,,,,,,,,,,,,,,,,,,,,,,,,,,,,,,,,,,,,,,,,,,,,,,,,,,,,
2025-12-12T12:24:43.153899,,,,,,,,,,,,,0.23178726434707642,0.08108074963092804,0.44077780842781067,0.22517088055610657,0.07990195602178574,0.4463333487510681,0.2196945995092392,0.07788734883069992,0.4516666829586029,0.22772665321826935,0.07102790474891663,0.4413333535194397,0.20093382894992828,0.07216490805149078,0.4776666760444641,,,,0.23600268363952637,0.14495840668678284,0.46933335065841675,,,,0.09568722546100616,0.18206088244915009,0.5712222456932068,,,,,,,,,,,,,,,,,,,,,,,,,,,,,,,,,,,,,,,,,,,,,,,,,,,,,,,,,,,,
2025-12-12T12:24:43.213884,,,,,,,,,,,,,0.23251180350780487,0.08180519938468933,0.44077780842781067,0.22533904016017914,0.08069576323032379,0.4466666877269745,0.2196945995092392,0.07862968742847443,0.4516666829586029,0.22848518192768097,0.07081332057714462,0.4400000274181366,0.200288325548172,0.07300089299678802,0.4780000150203705,,,,0.23610150814056396,0.14454659819602966,0.46800002455711365,,,,0.09015447646379471,0.1841856837272644,0.5778889060020447,,,,,,,,,,,,,,,,,,,,,,,,,,,,,,,,,,,,,,,,,,,,,,,,,,,,,,,,,,,,
2025-12-12T12:24:43.264118,,,,,,,,,,,,,0.23227736353874207,0.080998994410038,0.44033336639404297,0.22517088055610657,0.07990195602178574,0.4463333487510681,0.2196945995092392,0.07788734883069992,0.4516666829586029,0.22848518192768097,0.06864381581544876,0.4400000274181366,0.1995953470468521,0.07303483039140701,0.4782222509384155,,,,0.23658959567546844,0.1443750113248825,0.46744444966316223,,,,0.08586461842060089,0.18708710372447968,0.581000030040741,,,,,,,,,,,,,,,,,,,,,,,,,,,,,,,,,,,,,,,,,,,,,,,,,,,,,,,,,,,,
2025-12-12T12:24:43.314188,,,,,,,,,,,,,0.23282481729984283,0.08093768358230591,0.4400000274181366,0.22590480744838715,0.0789121761918068,0.4448889195919037,0.2201116681098938,0.07703114300966263,0.45100003480911255,0.22848518192768097,0.06864381581544876,0.4400000274181366,0.1995953470468521,0.07303483039140701,0.4782222509384155,,,,0.23696306347846985,0.14336778223514557,0.46666666865348816,,,,0.08490957319736481,0.18899692595005035,0.581000030040741,,,,,,,,,,,,,,,,,,,,,,,,,,,,,,,,,,,,,,,,,,,,,,,,,,,,,,,,,,,,
2025-12-12T12:24:43.363349,,,,,,,,,,,,,0.23210152983665466,0.08021450787782669,0.4400000274181366,0.2254546582698822,0.07901071012020111,0.4454444646835327,0.2192753255367279,0.0772588774561882,0.45233336091041565,0.22886115312576294,0.0685398057103157,0.43933334946632385,0.19964171946048737,0.072265625,0.47833335399627686,,,,0.23696306347846985,0.14336778223514557,0.46666666865348816,,,,0.08629665523767471,0.18880756199359894,0.57750004529953,,,,,,,,,,,,,,,,,,,,,,,,,,,,,,,,,,,,,,,,,,,,,,,,,,,,,,,,,,,,
2025-12-12T12:24:43.412616,,,,,,,,,,,,,0.23198428750038147,0.08017399162054062,0.43977779150009155,0.2254546582698822,0.07901071012020111,0.4454444646835327,0.2192753255367279,0.0772588774561882,0.45233336091041565,0.22886115312576294,0.0685398057103157,0.43933334946632385,0.19964171946048737,0.072265625,0.47833335399627686,,,,0.23673738539218903,0.14246498048305511,0.46622222661972046,,,,0.08723755180835724,0.1878403276205063,0.5774444937705994,,,,,,,,,,,,,,,,,,,,,,,,,,,,,,,,,,,,,,,,,,,,,,,,,,,,,,,,,,,,
2025-12-12T12:24:43.461367,,,,,,,,,,,,,0.23167039453983307,0.08031579107046127,0.4405555725097656,0.2254546582698822,0.07901071012020111,0.4454444646835327,0.2192753255367279,0.0772588774561882,0.45233336091041565,0.2281070053577423,0.06874781847000122,0.44066667556762695,0.1995025873184204,0.07221526652574539,0.4780000150203705,,,,0.23673738539218903,0.14246498048305511,0.46622222661972046,,,,0.08793221414089203,0.18824449181556702,0.5757778286933899,,,,,,,,,,,,,,,,,,,,,,,,,,,,,,,,,,,,,,,,,,,,,,,,,,,,,,,,,,,,
2025-12-12T12:24:43.511232,,,,,,,,,,,,,0.23068656027317047,0.08047784119844437,0.441444456577301,0.2250027060508728,0.07910925149917603,0.44600000977516174,0.2186928242444992,0.0773158073425293,0.45266667008399963,0.2281070053577423,0.06802355498075485,0.44066667556762695,0.19964171946048737,0.072265625,0.47833335399627686,,,,0.23602724075317383,0.14173248410224915,0.4663333594799042,,,,0.08798312395811081,0.18835346400737762,0.5761111378669739,,,,,,,,,,,,,,,,,,,,,,,,,,,,,,,,,,,,,,,,,,,,,,,,,,,,,,,,,,,,
2025-12-12T12:24:43.543456,,,,,,,,,,,,,0.2257358431816101,0.08057531714439392,0.44600000977516174,0.22022011876106262,0.07929392904043198,0.4512222409248352,0.21441110968589783,0.07717326283454895,0.4562222361564636,0.22766932845115662,0.06665895879268646,0.44122225046157837,0.19899402558803558,0.07231598347425461,0.4786666929721832,,,,0.23352329432964325,0.14301574230194092,0.4705555737018585,,,,0.08798312395811081,0.18835346400737762,0.5761111378669739,,,,,,,,,,,,,,,,,,,,,,,,,,,,,,,,,,,,,,,,,,,,,,,,,,,,,,,,,,,,
2025-12-12T12:24:43.602546,,,,,,,,,,,,,0.22607405483722687,0.07970304787158966,0.44522222876548767,0.22022011876106262,0.07929392904043198,0.4512222409248352,0.21441110968589783,0.07717326283454895,0.4562222361564636,0.2276119887828827,0.06591717153787613,0.44111111760139465,0.19880925118923187,0.07224883884191513,0.4782222509384155,,,,0.23324759304523468,0.14207442104816437,0.4700000286102295,,,,0.08893013000488281,0.18740658462047577,0.5761111378669739,,,,,,,,,,,,,,,,,,,,,,,,,,,,,,,,,,,,,,,,,,,,,,,,,,,,,,,,,,,,
2025-12-12T12:24:43.652289,,,,,,,,,,,,,0.22674930095672607,0.08114629238843918,0.44511112570762634,0.2208530306816101,0.07999613136053085,0.45100003480911255,0.2151610404253006,0.07867293059825897,0.4562222361564636,0.2276119887828827,0.06591717153787613,0.44111111760139465,0.19862449169158936,0.07218169420957565,0.4777778089046478,,,,0.23302702605724335,0.14116832613945007,0.4695555865764618,,,,0.08810190111398697,0.1876595914363861,0.576888918876648,,,,,,,,,,,,,,,,,,,,,,,,,,,,,,,,,,,,,,,,,,,,,,,,,,,,,,,,,,,,
2025-12-12T12:24:43.695721,0.22663062810897827,0.11552708595991135,0.4566666781902313,0.22483454644680023,0.07685268670320511,0.44566667079925537,0.2274584025144577,0.07480506598949432,0.4422222375869751,0.22886115312576294,0.0714280977845192,0.43933334946632385,0.2141815423965454,0.07886453717947006,0.45733335614204407,0.2107972651720047,0.07805664092302322,0.4614444673061371,0.2060011625289917,0.07605268061161041,0.4677777886390686,0.2220148742198944,0.0651654452085495,0.4458889067173004,0.19533154368400574,0.07084108144044876,0.47933337092399597,0.23464985191822052,0.13437314331531525,0.46211111545562744,0.21988292038440704,0.13838040828704834,0.4813333749771118,,,,0.09296064078807831,0.18505722284317017,0.5717778205871582,,,,,,,,,,,,,,,,,,,,,,,,,,,,,,,,,,,,,,,,,,,,,,,,,,,,,,,,,,,,
2025-12-12T12:24:43.737402,0.22232288122177124,0.11721361428499222,0.4633333683013916,0.2208300679922104,0.07750414311885834,0.4494444727897644,0.22404609620571136,0.07536891847848892,0.44555556774139404,0.2256738543510437,0.07202423363924026,0.44300001859664917,0.21094954013824463,0.07963095605373383,0.46177780628204346,0.20753735303878784,0.07854531705379486,0.46433335542678833,0.20377936959266663,0.07695592194795609,0.47333335876464844,0.22052812576293945,0.06537654995918274,0.44733336567878723,0.19533154368400574,0.07084108144044876,0.47933337092399597,0.23060689866542816,0.13602089881896973,0.4677777886390686,0.21706578135490417,0.13933615386486053,0.4874444603919983,,,,0.0967680960893631,0.18243585526943207,0.5665555596351624,,,,,,,,,,,,,,,,,,,0.22296889126300812,0.15604543685913086,0.5025556087493896,,,,,,,,,,,,,,,,,,,,,,,,,,,,,,,,,,,,,,,
2025-12-12T12:24:43.794877,0.22363992035388947,0.114047110080719,0.4597778022289276,0.22216418385505676,0.0764617994427681,0.4476666748523712,0.22433006763458252,0.07448772341012955,0.44466668367385864,0.22561725974082947,0.07127825170755386,0.44288891553878784,0.21230322122573853,0.07853039354085922,0.4597778022289276,0.20902380347251892,0.07748435437679291,0.46255558729171753,0.20514589548110962,0.07659462839365005,0.47111114859580994,0.2191355675458908,0.06562012434005737,0.4490000307559967,0.1956193894147873,0.07066044211387634,0.4781111180782318,0.23097734153270721,0.13184036314487457,0.46388891339302063,0.2178105264902115,0.13540326058864594,0.4820000231266022,,,,0.09834054857492447,0.18189917504787445,0.5648888945579529,,,,,,,,,,,,,,,,,,,,,,,,,,,,,,,,,,,,,,,,,,,,,,,,,,,,,,,,,,,,
2025-12-12T12:24:43.844941,0.22555020451545715,0.11236057430505753,0.45600003004074097,0.2236478477716446,0.07621509581804276,0.4462222456932068,0.2256738543510437,0.07420853525400162,0.44300001859664917,0.2272869497537613,0.07111731171607971,0.4418888986110687,0.21353349089622498,0.07815083861351013,0.4575555920600891,0.21013987064361572,0.07657667249441147,0.46166667342185974,0.2055247277021408,0.07539115101099014,0.46844446659088135,0.21954716742038727,0.0655226930975914,0.44833335280418396,0.19635966420173645,0.06985839456319809,0.4780000150203705,0.23225927352905273,0.13127194344997406,0.4618889093399048,0.21818134188652039,0.1338663399219513,0.47933337092399597,,,,0.09998086839914322,0.18150562047958374,0.5636667013168335,,,,,,,,,,,,,,,,,,,,,,,,,,,,,,,,,,,,,,,,,,,,,,,,,,,,,,,,,,,,
2025-12-12T12:24:43.892308,0.2268553078174591,0.1118951365351677,0.45411112904548645,0.2246103286743164,0.07604429125785828,0.44522222876548767,0.22673146426677704,0.07407823950052261,0.4422222375869751,0.22772665321826935,0.07175326347351074,0.4413333535194397,0.21456776559352875,0.07798003405332565,0.45655557513237,0.21059422194957733,0.07646609097719193,0.4610000252723694,0.2058054357767105,0.07521232217550278,0.4673333466053009,0.21954716742038727,0.06625956296920776,0.44833335280418396,0.19677045941352844,0.0707918107509613,0.4790000319480896,0.23310290277004242,0.13089300692081451,0.4605555832386017,0.219044029712677,0.13343191146850586,0.4777778089046478,,,,0.10090742260217667,0.18150562047958374,0.5636667013168335,,,,,,,,,,,,,,,,,,,,,,,,,,,,,,,,,,,,,,,,,,,,,,,,,,,,,,,,,,,,
2025-12-12T12:24:43.934965,0.2268553078174591,0.1118951365351677,0.45411112904548645,0.2248922735452652,0.07589246332645416,0.44433334469795227,0.22673146426677704,0.07407823950052261,0.4422222375869751,0.2276119887828827,0.07171713560819626,0.44111111760139465,0.21456776559352875,0.07798003405332565,0.45655557513237,0.21104636788368225,0.07635550945997238,0.46033334732055664,0.20618070662021637,0.07506927102804184,0.4664444625377655,0.21995656192302704,0.06616102904081345,0.4476666748523712,0.19677045941352844,0.0707918107509613,0.4790000319480896,0.2335214614868164,0.13070352375507355,0.45988890528678894,0.2195737659931183,0.13327674567699432,0.4772222340106964,,,,0.10171353071928024,0.18129093945026398,0.5630000233650208,,,,,,,,,,,,,,,,,,,0.23643840849399567,0.18396124243736267,0.5232222676277161,,,,,,,,,,,,,,,,,,,,,,,,,,,,,,,,,,,,,,,
2025-12-12T12:24:43.982029,0.23054735362529755,0.1111559271812439,0.4511111378669739,0.22640204429626465,0.07566473633050919,0.44300001859664917,0.2281070053577423,0.0738176628947258,0.44066667556762695,0.22960656881332397,0.0712113231420517,0.43800002336502075,0.21597494184970856,0.07767638564109802,0.4547778069972992,0.2122351974248886,0.07596848160028458,0.4580000340938568,0.206724613904953,0.0747116282582283,0.464222252368927,0.22052812576293945,0.06611177325248718,0.44733336567878723,0.19667917490005493,0.07075896859169006,0.47877779603004456,0.23487785458564758,0.13019827008247375,0.45811113715171814,0.22057630121707916,0.13293541967868805,0.47600001096725464,,,,0.09926910698413849,0.18189917504787445,0.5648888945579529,,,,,,,,,,,,,,,,,,,,,,,,,,,,,,,,,,,,,,,,,,,,,,,,,,,,,,,,,,,,
2025-12-12T12:24:44.028348,0.23337586224079132,0.1103893294930458,0.4480000138282776,0.22993174195289612,0.07659866660833359,0.4400000274181366,0.23297695815563202,0.07450708001852036,0.43622222542762756,,,,0.21810922026634216,0.07737273722887039,0.453000009059906,0.21386931836605072,0.076497882604599,0.4566666781902313,0.20785202085971832,0.07533009350299835,0.4633333683013916,0.22348923981189728,0.06619943678379059,0.44300001859664917,0.19797712564468384,0.07066044211387634,0.4781111180782318,0.23885715007781982,0.1290930211544037,0.4542222321033478,0.22183088958263397,0.1322837769985199,0.4736666977405548,,,,0.10104665905237198,0.18082836270332336,0.5644444823265076,,,,,,,,,,,,,,,,,,,,,,,,,,,,,,,,,,,,,,,,,,,,,,,,,,,,,,,,,,,,
2025-12-12T12:24:44.082326,0.22530724108219147,0.10962922126054764,0.4540000259876251,0.22701631486415863,0.07635451853275299,0.4427778124809265,0.22978131473064423,0.07414723187685013,0.4383333623409271,0.23177875578403473,0.07242991775274277,0.43666666746139526,0.21386931836605072,0.076497882604599,0.4566666781902313,0.2113429605960846,0.07543470710515976,0.4593333601951599,0.20647720992565155,0.07386015355587006,0.463666707277298,0.22348923981189728,0.06619943678379059,0.44300001859664917,0.19793112576007843,0.06985839456319809,0.4780000150203705,0.23528799414634705,0.12850512564182281,0.4574444591999054,0.21767558157444,0.13198405504226685,0.4782222509384155,,,,0.10352355986833572,0.18029442429542542,0.5627778172492981,,,,,,,,,,,,,,,,,,,,,,,,,,,,,,,,,,,,,,,,,,,,,,,,,,,,,,,,,,,,
2025-12-12T12:24:44.130148,0.2240510731935501,0.11011217534542084,0.45600003004074097,0.22640204429626465,0.07639283686876297,0.44300001859664917,0.22891902923583984,0.07433518022298813,0.4394444525241852,0.23123735189437866,0.07248520851135254,0.43700000643730164,0.21386931836605072,0.076497882604599,0.4566666781902313,0.2105434685945511,0.07569016516208649,0.46088889241218567,0.20647720992565155,0.07386015355587006,0.463666707277298,0.22348923981189728,0.06619943678379059,0.44300001859664917,0.19793112576007843,0.06985839456319809,0.4780000150203705,0.23401124775409698,0.12862998247146606,0.4578889310359955,0.21767558157444,0.13198405504226685,0.4782222509384155,,,,0.1061938926577568,0.17919237911701202,0.5622222423553467,,,,,,,,,,,,,,,,,,,0.2302488088607788,0.199402317404747,0.5516666769981384,,,,,,,,,,,,,,,,,,,,,,,,,,,,,,,,,,,,,,,
2025-12-12T12:24:44.175322,0.22547267377376556,0.1104564443230629,0.4543333649635315,0.22707326710224152,0.07710158824920654,0.44288891553878784,0.23026812076568604,0.07479175180196762,0.4378889203071594,0.23262090981006622,0.0729614868760109,0.4355555772781372,0.21495144069194794,0.07709808647632599,0.4557777941226959,0.21104636788368225,0.07635550945997238,0.46033334732055664,0.2070407271385193,0.07455068826675415,0.4632222354412079,0.22494566440582275,0.06765563786029816,0.44300001859664917,0.19991587102413177,0.07051265239715576,0.4771111309528351,0.23470693826675415,0.12859876453876495,0.45777779817581177,0.21878930926322937,0.1317080557346344,0.4772222340106964,,,,0.10608896613121033,0.17901532351970673,0.56166672706604,,,,,,,,,,,,,,,,,,,0.22844021022319794,0.192438542842865,0.5473333597183228,,,,,,,,,,,,,,,,,,,,,,,,,,,,,,,,,,,,,,,
2025-12-12T12:24:44.222646,0.22860392928123474,0.10980812460184097,0.4516666829586029,0.22707326710224152,0.07710158824920654,0.44288891553878784,0.23026812076568604,0.07479175180196762,0.4378889203071594,0.23214159905910492,0.07303593307733536,0.4360000193119049,0.21586941182613373,0.07689134031534195,0.45455557107925415,0.2122351974248886,0.07596848160028458,0.4580000340938568,0.20877273380756378,0.07435398548841476,0.4620000123977661,0.22421744465827942,0.06765563786029816,0.44300001859664917,0.20046645402908325,0.07121378928422928,0.47655558586120605,0.23470693826675415,0.12859876453876495,0.45777779817581177,0.22037699818611145,0.13078808784484863,0.47388890385627747,,,,0.10610995441675186,0.1790507435798645,0.5617778301239014,,,,,,,,,,,,,,,,,,,0.23170240223407745,0.19651442766189575,0.5486667156219482,,,,,,,,,,,,,,,,,,,,,,,,,,,,,,,,,,,,,,,
2025-12-12T12:24:44.270859,0.22860392928123474,0.10980812460184097,0.4516666829586029,0.22701631486415863,0.07708224654197693,0.4427778124809265,0.22909268736839294,0.07511437684297562,0.43977779150009155,0.23123735189437866,0.073203444480896,0.43700000643730164,0.21597494184970856,0.07767638564109802,0.4547778069972992,0.2122351974248886,0.07596848160028458,0.4580000340938568,0.20882296562194824,0.0751313790678978,0.46211114525794983,0.2228681892156601,0.06791017204523087,0.44466668367385864,0.20115596055984497,0.07196346670389175,0.476333349943161,0.23442211747169495,0.1284427046775818,0.45722225308418274,0.22089672088623047,0.13063476979732513,0.47333335876464844,,,,0.10610995441675186,0.1790507435798645,0.5617778301239014,,,,,,,,,,,,,0.23700343072414398,0.19927042722702026,0.546333372592926,,,,0.22720153629779816,0.1845730096101761,0.5401111245155334,,,,0.2329387217760086,0.1978360116481781,0.5473333597183228,,,,,,,,,,,,,,,,,,,,,,,,,,,,,,,,,
2025-12-12T12:24:44.315127,0.23184552788734436,0.10888968408107758,0.44788891077041626,0.22801333665847778,0.07692749798297882,0.4418889284133911,0.22989779710769653,0.07490561902523041,0.4385555684566498,0.23123735189437866,0.073203444480896,0.43700000643730164,0.2174178957939148,0.07739171385765076,0.45311111211776733,0.21430668234825134,0.07563674449920654,0.45600003004074097,0.20993757247924805,0.07498686015605927,0.46122223138809204,0.2228681892156601,0.06791017204523087,0.44466668367385864,0.20115596055984497,0.07196346670389175,0.476333349943161,0.23592914640903473,0.12803691625595093,0.4557777941226959,0.22260208427906036,0.13026678562164307,0.47200003266334534,,,,0.10625685751438141,0.17929863929748535,0.5625556111335754,,,,,,,,,,,,,,,,,,,0.22912165522575378,0.18808352947235107,0.542555570602417,,,,0.23433686792850494,0.20006071031093597,0.5485000610351562,,,,,,,,,,,,,,,,,,,,,,,,,,,,,,,,,
2025-12-12T12:24:44.372065,0.2329706996679306,0.1087276041507721,0.4472222328186035,0.22850961983203888,0.07685012370347977,0.441444456577301,0.23026812076568604,0.07479175180196762,0.4378889203071594,0.23177875578403473,0.07314760982990265,0.43666666746139526,0.21810922026634216,0.07737273722887039,0.453000009059906,0.21430668234825134,0.07563674449920654,0.45600003004074097,0.20993757247924805,0.07498686015605927,0.46122223138809204,0.2228681892156601,0.06791017204523087,0.44466668367385864,0.20115596055984497,0.07196346670389175,0.476333349943161,0.23650524020195007,0.1279432773590088,0.45544445514678955,0.22336231172084808,0.12980680167675018,0.47033336758613586,,,,0.10625685751438141,0.17929863929748535,0.5625556111335754,,,,,,,,,,,,,,,,,,,0.23864269256591797,0.18321199715137482,0.518666684627533,,,,,,,,,,,,,,,,,,,,,,,,,,,,,,,,,,,,,,,
2025-12-12T12:24:44.424898,0.23588210344314575,0.10837643593549728,0.4457778036594391,0.23044338822364807,0.07628917694091797,0.4382222294807434,0.23225989937782288,0.07522404193878174,0.43622222542762756,,,,0.2201116681098938,0.07703114300966263,0.45100003480911255,0.216298907995224,0.07603256404399872,0.4538888931274414,0.2113429605960846,0.07467976212501526,0.4593333601951599,0.22309629619121552,0.06775745749473572,0.4436666965484619,0.20160920917987823,0.07184596359729767,0.47555556893348694,0.2381105124950409,0.12759993970394135,0.4542222321033478,0.22448351979255676,0.1303330510854721,0.46944448351860046,,,,0.10610995441675186,0.1790507435798645,0.5617778301239014,,,,,,,,,,,,,,,,,,,0.241136372089386,0.18272382020950317,0.5148889422416687,,,,,,,,,,,,,,,,,,,,,,,,,,,,,,,,,,,,,,,
2025-12-12T12:24:44.488647,0.23588210344314575,0.10837643593549728,0.4457778036594391,0.23001429438591003,0.07566473633050919,0.4387778043746948,0.23177875578403473,0.07458299398422241,0.43666666746139526,0.2330392748117447,0.07286842167377472,0.4350000321865082,0.2201116681098938,0.07703114300966263,0.45100003480911255,0.216298907995224,0.07603256404399872,0.4538888931274414,0.2113429605960846,0.07467976212501526,0.4593333601951599,0.22309629619121552,0.06702825427055359,0.4436666965484619,0.20160920917987823,0.07184596359729767,0.47555556893348694,0.23793576657772064,0.1267603039741516,0.4538888931274414,0.2244303822517395,0.12953081727027893,0.46933335065841675,,,,0.10610995441675186,0.1790507435798645,0.5617778301239014,,,,,,,,,,,,,,,,,,,0.23951217532157898,0.179601788520813,0.5132222175598145,,,,,,,,,,,,,,,,,,,,,,,,,,,,,,,,,,,,,,,
2025-12-12T12:24:44.554370,0.23459184169769287,0.10772425681352615,0.44611111283302307,0.22871598601341248,0.0752282440662384,0.4404444694519043,0.2301512509584427,0.07331512868404388,0.4376666843891144,0.23177875578403473,0.0709945410490036,0.43666666746139526,0.21947841346263885,0.07558586448431015,0.4512222409248352,0.2157111018896103,0.07459532469511032,0.4542222321033478,0.2113429605960846,0.07392480969429016,0.4593333601951599,0.22263680398464203,0.06659792363643646,0.44566667079925537,0.20160920917987823,0.07184596359729767,0.47555556893348694,0.2372477501630783,0.12604516744613647,0.4540000259876251,0.2242709845304489,0.12866798043251038,0.4690000116825104,,,,0.10610995441675186,0.1790507435798645,0.5617778301239014,,,,,,,,,,,,,,,,,,,0.21706262230873108,0.15621978044509888,0.5139999985694885,,,,,,,,,,,,,,,,,,,,,,,,,,,,,,,,,,,,,,,
2025-12-12T12:24:44.612343,0.2347671240568161,0.10853850841522217,0.44644445180892944,0.22871598601341248,0.0752282440662384,0.4404444694519043,0.22978131473064423,0.07342680543661118,0.4383333623409271,0.23123735189437866,0.07176697254180908,0.43700000643730164,0.21958650648593903,0.07636507600545883,0.45144447684288025,0.2157638669013977,0.07536029070615768,0.4543333351612091,0.2113429605960846,0.07392480969429016,0.4593333601951599,0.22263680398464203,0.06659792363643646,0.44566667079925537,0.20160920917987823,0.07184596359729767,0.47555556893348694,0.2374219447374344,0.12688443064689636,0.4543333649635315,0.2244303822517395,0.12953081727027893,0.46933335065841675,,,,0.10594205558300018,0.17968928813934326,0.560888946056366,,,,,,,,,,,,,,,,,,,0.23106592893600464,0.16969627141952515,0.5113333463668823,,,,,,,,,,,,,,,,,,,,,,,,,,,,,,,,,,,,,,,
2025-12-12T12:24:44.647552,0.22756603360176086,0.10928042232990265,0.4525555670261383,0.22505851089954376,0.07497422397136688,0.4432222545146942,0.22755464911460876,0.0731486901640892,0.4410000145435333,0.22862963378429413,0.07135584205389023,0.43888890743255615,0.21543772518634796,0.0762559249997139,0.4552222490310669,0.21283303201198578,0.07516099512577057,0.45766669511795044,0.20922982692718506,0.07424668967723846,0.46133336424827576,0.22223615646362305,0.06669755280017853,0.4463333487510681,0.20115596055984497,0.07196346670389175,0.476333349943161,0.23517994582653046,0.1265387237071991,0.4557777941226959,0.22198288142681122,0.129582479596138,0.4723333716392517,,,,0.10594205558300018,0.17968928813934326,0.560888946056366,,,,,,,,,,,,,,,,,,,0.22170881927013397,0.15102103352546692,0.4942222535610199,,,,,,,,,,,,,,,,,,,,,,,,,,,,,,,,,,,,,,,
2025-12-12T12:24:44.702589,0.22906430065631866,0.10893163084983826,0.4511111378669739,0.2272869497537613,0.07547495514154434,0.4418888986110687,0.22886115312576294,0.07359431684017181,0.43933334946632385,0.23123735189437866,0.07176697254180908,0.43700000643730164,0.21597494184970856,0.07692892849445343,0.4547778069972992,0.2134297788143158,0.07585790008306503,0.45733335614204407,0.20922982692718506,0.07424668967723846,0.46133336424827576,0.22303526103496552,0.06649830937385559,0.445000022649765,0.20115596055984497,0.07196346670389175,0.476333349943161,0.2361590564250946,0.12626110017299652,0.4547778069972992,0.22249726951122284,0.12943005561828613,0.4717777967453003,,,,0.10263898223638535,0.18036560714244843,0.5630000233650208,,,,,,,,,,,,,,,,,,,0.21905893087387085,0.14573712646961212,0.4901111423969269,,,,,,,,,,,,,,,,,,,,,,,,,,,,,,,,,,,,,,,
2025-12-12T12:24:44.742877,0.23049134016036987,0.10855600237846375,0.44955557584762573,0.22772665321826935,0.07538006454706192,0.4413333535194397,0.2292349636554718,0.07348264008760452,0.4386666715145111,0.23177875578403473,0.07171223312616348,0.43666666746139526,0.21619302034378052,0.07674097269773483,0.45366668701171875,0.2134297788143158,0.07585790008306503,0.45733335614204407,0.20922982692718506,0.07424668967723846,0.46133336424827576,0.22303526103496552,0.06649830937385559,0.445000022649765,0.20051318407058716,0.07123039662837982,0.4766666889190674,0.23679085075855255,0.1261993944644928,0.45455557107925415,0.22249726951122284,0.12943005561828613,0.4717777967453003,,,,0.10201463103294373,0.18089954555034637,0.5646666884422302,,,,,,,,,,,,,,,,,,,,,,,,,,,,,,,,,,,,,,,,,,,,,,,,,,,,,,,,,,,,
2025-12-12T12:24:44.803220,0.23145893216133118,0.10866332799196243,0.45000001788139343,0.22772665321826935,0.07538006454706192,0.4413333535194397,0.2292349636554718,0.07348264008760452,0.4386666715145111,0.23177875578403473,0.07171223312616348,0.43666666746139526,0.21661993861198425,0.0766282007098198,0.453000009059906,0.2134297788143158,0.07585790008306503,0.45733335614204407,0.20922982692718506,0.07424668967723846,0.46133336424827576,0.2229795753955841,0.06575050204992294,0.4448889195919037,0.20051318407058716,0.07123039662837982,0.4766666889190674,0.23679085075855255,0.1261993944644928,0.45455557107925415,0.22249726951122284,0.12943005561828613,0.4717777967453003,,,,0.10282129049301147,0.18068596720695496,0.5640000104904175,,,,,,,,,,,,,,,,,,,,,,,,,,,,,,,,,,,,,,,,,,,,,,,,,,,,,,,,,,,,
2025-12-12T12:24:44.839388,0.23145893216133118,0.10866332799196243,0.45000001788139343,0.22772665321826935,0.07538006454706192,0.4413333535194397,0.2292349636554718,0.07348264008760452,0.4386666715145111,0.23177875578403473,0.07171223312616348,0.43666666746139526,0.21693873405456543,0.07674097269773483,0.45366668701171875,0.21283303201198578,0.0759131908416748,0.45766669511795044,0.20938099920749664,0.07430033385753632,0.46166667342185974,0.2238255739212036,0.06556987017393112,0.4436666965484619,0.20051318407058716,0.07044696807861328,0.4766666889190674,0.23667508363723755,0.12539097666740417,0.4543333649635315,0.22228766977787018,0.12853345274925232,0.4713333547115326,,,,0.10477859526872635,0.17900818586349487,0.5645555853843689,,,,,,,,,,,,,,,,,,,,,,,,,,,,,,,,,,,,,,,,,,,,,,,,,,,,,,,,,,,,
2025-12-12T12:24:44.894049,0.2299795001745224,0.10718411952257156,0.45000001788139343,0.22724418342113495,0.07570268958806992,0.4432222545146942,0.22938209772109985,0.07376182824373245,0.44033336639404297,0.23141375184059143,0.07182171940803528,0.437333345413208,0.21651071310043335,0.07610702514648438,0.4543333649635315,0.21238966286182404,0.07527048140764236,0.4583333730697632,0.20938099920749664,0.07430033385753632,0.46166667342185974,0.2238255739212036,0.06556987017393112,0.4436666965484619,0.20093382894992828,0.07059475779533386,0.4776666760444641,0.23569907248020172,0.12566696107387543,0.4553333520889282,0.22151289880275726,0.12775878608226776,0.4713333547115326,,,,0.10477859526872635,0.17900818586349487,0.5645555853843689,,,,,,,,,,,,,,,,,,,,,,,,,,,,,,,,,,,,,,,,,,,,,,,,,,,,,,,,,,,,
2025-12-12T12:24:44.934798,0.22511053085327148,0.10765351355075836,0.4551111161708832,0.22483454644680023,0.07612019777297974,0.44566667079925537,0.22701631486415863,0.07417131215333939,0.4427778124809265,0.2296414077281952,0.07216841727495193,0.4394444525241852,0.2151610404253006,0.07642343640327454,0.4562222361564636,0.2122519165277481,0.07548944652080536,0.4596666991710663,0.209074005484581,0.07446127384901047,0.46266669034957886,0.22331976890563965,0.0656355544924736,0.4441111385822296,0.20143750309944153,0.07049623131752014,0.47700002789497375,0.23307010531425476,0.12592452764511108,0.45900002121925354,0.21996362507343292,0.12743313610553741,0.47300001978874207,,,,0.10562338680028915,0.17794010043144226,0.5641111135482788,,,,,,,,,,,,,,,,,,,0.2190319448709488,0.15122313797473907,0.503000020980835,,,,,,,,,,,,,,,,,,,,,,,,,,,,,,,,,,,,,,,
2025-12-12T12:24:44.983463,0.22563807666301727,0.10754837840795517,0.4546666741371155,0.22522971034049988,0.07600633800029755,0.445000022649765,0.22701631486415863,0.07417131215333939,0.4427778124809265,0.2296414077281952,0.07216841727495193,0.4394444525241852,0.2151610404253006,0.07642343640327454,0.4562222361564636,0.21180306375026703,0.07559892535209656,0.46033334732055664,0.209074005484581,0.07446127384901047,0.46266669034957886,0.2234315276145935,0.06566839665174484,0.44433337450027466,0.20143750309944153,0.07049623131752014,0.47700002789497375,0.23307010531425476,0.12592452764511108,0.45900002121925354,0.22011864185333252,0.12752294540405273,0.47333335876464844,,,,0.10583142191171646,0.1773615926504135,0.5652222037315369,,,,,,,,,,,,,,,,,,,0.23875415325164795,0.1634078025817871,0.487555593252182,,,,,,,,,,,,,,,,,,,,,,,,,,,,,,,,,,,,,,,
2025-12-12T12:24:45.035724,0.23083028197288513,0.1061554029583931,0.44877779483795166,0.22891223430633545,0.07625871151685715,0.4422222375869751,0.23067709803581238,0.07420361787080765,0.4386666715145111,0.23214159905910492,0.07231934368610382,0.4360000193119049,0.21810922026634216,0.0766282007098198,0.453000009059906,0.21402542293071747,0.07580260932445526,0.4570000171661377,0.21013987064361572,0.07430033385753632,0.46166667342185974,0.2238255739212036,0.06556987017393112,0.4436666965484619,0.20143750309944153,0.07049623131752014,0.47700002789497375,0.23696449398994446,0.12554430961608887,0.4548889100551605,0.22207805514335632,0.1276383101940155,0.4708889126777649,,,,0.104984812438488,0.17750106751918793,0.565666675567627,,,,,,,,,,,,,,,,,,,0.2516886293888092,0.18079018592834473,0.4956666827201843,,,,,,,,,,,,,,,,,,,,,,,,,,,,,,,,,,,,,,,
2025-12-12T12:24:45.088564,0.23162530362606049,0.10691947489976883,0.4488889276981354,0.2294083535671234,0.07618206739425659,0.4417777955532074,0.23098790645599365,0.07479175180196762,0.4378889203071594,0.2322007417678833,0.07305454462766647,0.43611112236976624,0.21810922026634216,0.0766282007098198,0.453000009059906,0.21456776559352875,0.0757288932800293,0.45655557513237,0.21013987064361572,0.07505911588668823,0.46166667342185974,0.22444239258766174,0.06626585125923157,0.44344446063041687,0.20143750309944153,0.07128020375967026,0.47700002789497375,0.23696449398994446,0.12554430961608887,0.4548889100551605,0.22207805514335632,0.1276383101940155,0.4708889126777649,,,,0.10517041385173798,0.17781487107276917,0.5666667222976685,,,,,,,,,,,,,,,,,,,0.2515694499015808,0.1801214963197708,0.49383336305618286,,,,,,,,,,,,,,,,,,,,,,,,,,,,,,,,,,,,,,,
2025-12-12T12:24:45.143415,0.23465026915073395,0.10628430545330048,0.4462222456932068,0.23145680129528046,0.07638589292764664,0.4387778043746948,0.2335749864578247,0.07446912676095963,0.4360000193119049,,,,0.2201116681098938,0.07703114300966263,0.45100003480911255,0.2160804718732834,0.07621869444847107,0.45500001311302185,0.21164968609809875,0.07478814572095871,0.46000000834465027,0.22500208020210266,0.06621603667736053,0.4431111216545105,0.20143750309944153,0.07128020375967026,0.47700002789497375,0.23919349908828735,0.12514565885066986,0.4534444510936737,0.22387069463729858,0.12733714282512665,0.46977779269218445,,,,0.10328718274831772,0.1787111610174179,0.5665555596351624,,,,,,,,,,,,,,,,,,,0.2536216676235199,0.17702119052410126,0.4853333532810211,,,,,,,,,,,,,,,,,,,,,,,,,,,,,,,,,,,,,,,
2025-12-12T12:24:45.183992,0.23465026915073395,0.10628430545330048,0.4462222456932068,0.23145680129528046,0.07638589292764664,0.4387778043746948,0.2335749864578247,0.07518572360277176,0.4360000193119049,,,,0.2201116681098938,0.07703114300966263,0.45100003480911255,0.2160804718732834,0.07621869444847107,0.45500001311302185,0.21164968609809875,0.07478814572095871,0.46000000834465027,0.22500208020210266,0.06621603667736053,0.4431111216545105,0.20143750309944153,0.07049623131752014,0.47700002789497375,0.23919349908828735,0.12514565885066986,0.4534444510936737,0.22387069463729858,0.12733714282512665,0.46977779269218445,,,,0.0976790338754654,0.18039348721504211,0.5718889236450195,,,,,,,,,,,,,,,,,,,0.2524206340312958,0.16876518726348877,0.47555556893348694,,,,,,,,,,,,,,,,,,,,,,,,,,,,,,,,,,,,,,,
2025-12-12T12:24:45.227633,0.23347361385822296,0.10568232089281082,0.4467777907848358,0.23071324825286865,0.0766180083155632,0.4401111304759979,0.23213262856006622,0.0746968612074852,0.437333345413208,,,,0.2196945995092392,0.07640266418457031,0.4516666829586029,0.21564806997776031,0.07558145374059677,0.4556666910648346,0.21104636788368225,0.07408574968576431,0.46033334732055664,0.22444239258766174,0.06626585125923157,0.44344446063041687,0.20143750309944153,0.07049623131752014,0.47700002789497375,0.2378775179386139,0.12449183315038681,0.4537777900695801,0.22294016182422638,0.12647521495819092,0.4694444537162781,,,,0.09688933193683624,0.18067386746406555,0.5727778077125549,,,,,,,,,,,,,0.2455061674118042,0.16078604757785797,0.472777783870697,,,,0.23667313158512115,0.14769092202186584,0.47066667675971985,,,,0.2396773248910904,0.16001248359680176,0.47977781295776367,,,,,,,,,,,,,,,,,,,,,,,,,,,,,,,,,
2025-12-12T12:24:45.284074,0.23347361385822296,0.10568232089281082,0.4467777907848358,0.23071324825286865,0.0766180083155632,0.4401111304759979,0.23213262856006622,0.0746968612074852,0.437333345413208,,,,0.2196945995092392,0.07640266418457031,0.4516666829586029,0.2160804718732834,0.07547087222337723,0.45500001311302185,0.21104636788368225,0.07408574968576431,0.46033334732055664,0.22444239258766174,0.06626585125923157,0.44344446063041687,0.20148442685604095,0.07051265239715576,0.4771111309528351,0.2378775179386139,0.12449183315038681,0.4537777900695801,0.2236059457063675,0.12641535699367523,0.4692222476005554,,,,0.09846582263708115,0.18011310696601868,0.5710000395774841,,,,,,,,,,,,,0.24668456614017487,0.16442057490348816,0.47655558586120605,,,,0.2367905080318451,0.15057827532291412,0.47244447469711304,,,,0.24148888885974884,0.1641455441713333,0.48500001430511475,,,,,,,,,,,,,,,,,,,,,,,,,,,,,,,,,
2025-12-12T12:24:45.338738,0.2329128235578537,0.10576117038726807,0.4471111297607422,0.23028011620044708,0.07671472430229187,0.44066667556762695,0.23213262856006622,0.0746968612074852,0.437333345413208,0.23339641094207764,0.07369614392518997,0.43566668033599854,0.2192753255367279,0.07651543617248535,0.45233336091041565,0.21564806997776031,0.07558145374059677,0.4556666910648346,0.21104636788368225,0.07408574968576431,0.46033334732055664,0.22444239258766174,0.06626585125923157,0.44344446063041687,0.20129673182964325,0.07044696807861328,0.4766666889190674,0.23730580508708954,0.12458328157663345,0.45411112904548645,0.22288741171360016,0.12644529342651367,0.46933335065841675,,,,0.09926902502775192,0.17986775934696198,0.5702222585678101,,,,,,,,,,,,,0.243403360247612,0.1593816578388214,0.4732222557067871,,,,0.23512578010559082,0.14614379405975342,0.47066667675971985,,,,0.23868530988693237,0.16093890368938446,0.4825555682182312,,,,,,,,,,,,,,,,,,,,,,,,,,,,,,,,,
2025-12-12T12:24:45.383938,0.2329128235578537,0.10576117038726807,0.4471111297607422,0.23028011620044708,0.07671472430229187,0.44066667556762695,0.23230955004692078,0.0754731297492981,0.4376666843891144,0.23339641094207764,0.07369614392518997,0.43566668033599854,0.2192753255367279,0.07651543617248535,0.45233336091041565,0.21564806997776031,0.07558145374059677,0.4556666910648346,0.21104636788368225,0.07408574968576431,0.46033334732055664,0.22438615560531616,0.06624925136566162,0.44333335757255554,0.201656311750412,0.0702991709113121,0.47566667199134827,0.23730580508708954,0.12458328157663345,0.45411112904548645,0.22283464670181274,0.12641535699367523,0.4692222476005554,,,,0.0990949347615242,0.1795523315668106,0.5692222714424133,,,,,,,,,,,,,0.2401074767112732,0.15409746766090393,0.4713333547115326,,,,0.23296961188316345,0.14315082132816315,0.4710000157356262,,,,0.23573404550552368,0.15685829520225525,0.47977781295776367,,,,,,,,,,,,,,,,,,,,,,,,,,,,,,,,,
2025-12-12T12:24:45.427985,0.23364780843257904,0.10649602860212326,0.4471111297607422,0.23048025369644165,0.07654063403606415,0.4396666884422302,0.2326740175485611,0.07535816729068756,0.43700000643730164,,,,0.2192753255367279,0.07651543617248535,0.45233336091041565,0.21564806997776031,0.07558145374059677,0.4556666910648346,0.21059422194957733,0.07419304549694061,0.4610000252723694,0.22438615560531616,0.06624925136566162,0.44333335757255554,0.20129673182964325,0.07044696807861328,0.4766666889190674,0.2382144331932068,0.1250229924917221,0.453000009059906,0.22283464670181274,0.12641535699367523,0.4692222476005554,,,,0.09911427646875381,0.17958737909793854,0.5693333745002747,,,,,,,,,,,,,,,,,,,0.24277187883853912,0.14486680924892426,0.46166667342185974,,,,0.24421536922454834,0.1550939828157425,0.4673333466053009,,,,,,,,,,,,,,,,,,,,,,,,,,,,,,,,,
2025-12-12T12:24:45.483977,0.23626099526882172,0.10601965337991714,0.44511112570762634,0.23236852884292603,0.07621180266141891,0.4377777874469757,,,,,,,0.2201116681098938,0.07628989219665527,0.45100003480911255,0.2160804718732834,0.07547087222337723,0.45500001311302185,0.2113429605960846,0.07392480969429016,0.4593333601951599,0.2255040407180786,0.06614962220191956,0.4426666796207428,0.20129673182964325,0.07044696807861328,0.4766666889190674,0.24146287143230438,0.1247776672244072,0.4521111249923706,0.224295511841774,0.1259363889694214,0.46744444966316223,,,,0.09926902502775192,0.17986775934696198,0.5702222585678101,,,,,,,,,,,,,,,,,,,0.2430640310049057,0.14580084383487701,0.46222224831581116,,,,0.2449702024459839,0.15711429715156555,0.4687778055667877,,,,,,,,,,,,,,,,,,,,,,,,,,,,,,,,,
2025-12-12T12:24:45.528289,0.23570571839809418,0.10609904676675797,0.4454444646835327,0.23242752254009247,0.07695084810256958,0.4378889203071594,,,,,,,0.2196945995092392,0.07714500278234482,0.4516666829586029,0.2160804718732834,0.07547087222337723,0.45500001311302185,0.21104636788368225,0.07408574968576431,0.46033334732055664,0.2255040407180786,0.06614962220191956,0.4426666796207428,0.2012028843164444,0.07041412591934204,0.47644445300102234,0.24083803594112396,0.12483900040388107,0.45233336091041565,0.224295511841774,0.1259363889694214,0.46744444966316223,,,,0.09926902502775192,0.17986775934696198,0.5702222585678101,,,,,,,,,,,,,,,,,,,0.2452305108308792,0.1535186916589737,0.46488893032073975,,,,0.24812886118888855,0.16408680379390717,0.47333335876464844,,,,,,,,,,,,,,,,,,,,,,,,,,,,,,,,,
2025-12-12T12:24:45.584303,,,,,,,,,,,,,0.22216418385505676,0.0764617994427681,0.4476666748523712,0.21693873405456543,0.07599534094333649,0.45366668701171875,0.21184147894382477,0.07458943873643875,0.4587778151035309,0.22772665321826935,0.06667573750019073,0.4413333535194397,0.2012028843164444,0.07041412591934204,0.47644445300102234,,,,0.22561755776405334,0.12735174596309662,0.46700000762939453,,,,0.09840833395719528,0.1800079494714737,0.5706666707992554,,,,,,,,,,,,,,,,,,,,,,,,,,,,,,,,,,,,,,,,,,,,,,,,,,,,,,,,,,,,
2025-12-12T12:24:45.636595,,,,,,,,,,,,,0.22118543088436127,0.07663260400295258,0.44866669178009033,0.21651071310043335,0.07610702514648438,0.4543333649635315,0.21144519746303558,0.07471588253974915,0.45955556631088257,0.22732532024383545,0.06655823439359665,0.4405555725097656,0.2012028843164444,0.07041412591934204,0.47644445300102234,,,,0.22561755776405334,0.12735174596309662,0.46700000762939453,,,,0.10006967186927795,0.17962242662906647,0.569444477558136,,,,,,,,,,,,,,,,,,,,,,,,,,,,,,,,,,,,,,,,,,,,,,,,,,,,,,,,,,,,
2025-12-12T12:24:45.684205,,,,,,,,,,,,,0.22118543088436127,0.07663260400295258,0.44866669178009033,0.21693873405456543,0.07599534094333649,0.45366668701171875,0.21184147894382477,0.07458943873643875,0.4587778151035309,0.22781944274902344,0.06649108976125717,0.4401111304759979,0.201656311750412,0.0702991709113121,0.47566667199134827,,,,0.22561755776405334,0.12735174596309662,0.46700000762939453,,,,0.10158371180295944,0.17899154126644135,0.5674444437026978,,,,,,,,,,,,,,,,,,,,,,,,,,,,,,,,,,,,,,,,,,,,,,,,,,,,,,,,,,,,
2025-12-12T12:24:45.728176,,,,,,,,,,,,,0.22517134249210358,0.07646947354078293,0.44344446063041687,0.2202000916004181,0.07532528787851334,0.44966667890548706,0.21430668234825134,0.07413781434297562,0.45600003004074097,0.22960656881332397,0.06617214530706406,0.43800002336502075,0.20201262831687927,0.07015138864517212,0.47466668486595154,,,,0.22814197838306427,0.12696094810962677,0.4627777934074402,,,,0.1014842614531517,0.1788163185119629,0.5668889284133911,,,,,,,,,,,,,,,,,,,0.25123319029808044,0.1767883449792862,0.48688891530036926,,,,,,,,,,,,,,,,,,,,,,,,,,,,,,,,,,,,,,,
2025-12-12T12:24:45.784466,,,,,,,,,,,,,0.2248360514640808,0.07660359889268875,0.44422224164009094,0.21984052658081055,0.07619591057300568,0.45044445991516113,0.21430668234825134,0.07488728314638138,0.45600003004074097,0.2301512509584427,0.06612178683280945,0.4376666843891144,0.20236565172672272,0.07078209519386292,0.4736666977405548,,,,0.22830630838871002,0.12781354784965515,0.46311113238334656,,,,0.10207484662532806,0.1791491061449051,0.5649999976158142,,,,,,,,,,,,,,,,,,,0.2490040808916092,0.17339272797107697,0.48411113023757935,,,,,,,,,,,,,,,,,,,,,,,,,,,,,,,,,,,,,,,
2025-12-12T12:24:45.833632,,,,,,,,,,,,,0.22522775828838348,0.07721763849258423,0.4435555636882782,0.2203633338212967,0.07612073421478271,0.45000001788139343,0.21430668234825134,0.07488728314638138,0.45600003004074097,0.23069484531879425,0.06607142835855484,0.437333345413208,0.20236565172672272,0.07078209519386292,0.4736666977405548,,,,0.22912251949310303,0.1293668895959854,0.4632222354412079,,,,0.10189418494701385,0.17975899577140808,0.5640000104904175,,,,,,,,,,,,,,,,,,,0.24394848942756653,0.18230411410331726,0.5066666603088379,,,,,,,,,,,,,,,,,,,,,,,,,,,,,,,,,,,,,,,
2025-12-12T12:24:45.887160,,,,,,,,,,,,,0.2264588326215744,0.07786855101585388,0.4431111216545105,0.2205265611410141,0.07691727578639984,0.4503333568572998,0.21435889601707458,0.07565516978502274,0.4561111330986023,0.23123735189437866,0.06673930585384369,0.43700000643730164,0.20231817662715912,0.07154380530118942,0.4735555648803711,,,,0.23010452091693878,0.13177719712257385,0.4636666774749756,,,,0.10205477476119995,0.1800423115491867,0.5648888945579529,,,,,,,,,,,,,,,,,,,,,,,,,,,,,,,,,,,,,,,,,,,,,,,,,,,,,,,,,,,,
2025-12-12T12:24:45.930062,,,,,,,,,,,,,0.22807066142559052,0.0776733011007309,0.44200003147125244,0.22216418385505676,0.0764617994427681,0.4476666748523712,0.2157111018896103,0.0753418579697609,0.4542222321033478,0.23123735189437866,0.06673930585384369,0.43700000643730164,0.20236565172672272,0.07233910262584686,0.4736666977405548,,,,0.23090729117393494,0.13136668503284454,0.46222224831581116,,,,0.10039474815130234,0.1803964525461197,0.5660000443458557,,,,,,,,,,,,,,,,,,,,,,,,,,,,,,,,,,,,,,,,,,,,,,,,,,,,,,,,,,,,
2025-12-12T12:24:45.985794,,,,,,,,,,,,,0.2282426655292511,0.07845888286828995,0.4423333704471588,0.2222193330526352,0.077216736972332,0.44777780771255493,0.2161400467157364,0.07597672939300537,0.45355555415153503,0.2301512509584427,0.06684112548828125,0.4376666843891144,0.20236565172672272,0.07233910262584686,0.4736666977405548,,,,0.23090729117393494,0.13136668503284454,0.46222224831581116,,,,0.10039474815130234,0.1803964525461197,0.5660000443458557,,,,,,,,,,,,,,,,,,,,,,,,,,,,,,,,,,,,,,,,,,,,,,,,,,,,,,,,,,,,
2025-12-12T12:24:46.036210,,,,,,,,,,,,,0.22640204429626465,0.07784903049468994,0.44300001859664917,0.22118543088436127,0.07737001776695251,0.44866669178009033,0.2157111018896103,0.07608840614557266,0.4542222321033478,0.22671546041965485,0.06731625646352768,0.44077780842781067,0.20271538197994232,0.07218637317419052,0.4726666808128357,,,,0.22923244535923004,0.13095234334468842,0.46344447135925293,,,,0.09923005849123001,0.18275569379329681,0.5646666884422302,,,,,,,,,,,,,,,,,,,0.23896174132823944,0.1841147094964981,0.5212222337722778,,,,,,,,,,,,,,,,,,,,,,,,,,,,,,,,,,,,,,,
2025-12-12T12:24:46.084854,,,,,,,,,,,,,0.2256738543510437,0.07784903049468994,0.44300001859664917,0.22077545523643494,0.07674647122621536,0.4493333399295807,0.21555279195308685,0.07528656721115112,0.4538888931274414,0.22610481083393097,0.06662537902593613,0.4410000145435333,0.2026677429676056,0.0713927298784256,0.47255557775497437,,,,0.2283610850572586,0.1293668895959854,0.4632222354412079,,,,0.10003998875617981,0.1825399100780487,0.5640000104904175,,,,,,,,,,,,,,,,,,,0.23877698183059692,0.1818126142024994,0.5171111226081848,,,,,,,,,,,,,,,,,,,,,,,,,,,,,,,,,,,,,,,
2025-12-12T12:24:46.123342,0.23693351447582245,0.10745595395565033,0.445000022649765,0.23375356197357178,0.07739463448524475,0.4363333582878113,,,,,,,0.22353646159172058,0.07691016793251038,0.44600000977516174,0.21967783570289612,0.07613952457904816,0.45011112093925476,0.21544727683067322,0.07450408488512039,0.45366668701171875,0.22460715472698212,0.06682682037353516,0.4423333704471588,0.2026677429676056,0.0713927298784256,0.47255557775497437,0.23958612978458405,0.12645000219345093,0.45277780294418335,0.22628813982009888,0.1283961981534958,0.46522223949432373,,,,0.10072840005159378,0.18303316831588745,0.5626667141914368,,,,,,,,,,,,,0.2282298058271408,0.1889752447605133,0.542555570602417,,,,0.2030380219221115,0.14287957549095154,0.5303333401679993,,,,0.2247599959373474,0.19314171373844147,0.5493333339691162,,,,,,,,,,,,,,,,,,,,,,,,,,,,,,,,,
2025-12-12T12:24:46.195093,0.23412440717220306,0.10458260774612427,0.44522222876548767,0.23189671337604523,0.0760570541024208,0.4368889033794403,,,,,,,0.2218884825706482,0.07489719986915588,0.4471111297607422,0.21904605627059937,0.07395666837692261,0.4503333568572998,0.2139933556318283,0.07178431004285812,0.4553333520889282,0.2244943082332611,0.06606660783290863,0.44211113452911377,0.2022865116596222,0.06893280148506165,0.47166669368743896,0.23807990550994873,0.12307942658662796,0.4513333737850189,0.22404745221138,0.12460282444953918,0.46533337235450745,,,,0.10149272531270981,0.18274402618408203,0.5617778301239014,,,,,,,,,,,,,0.23302018642425537,0.18568570911884308,0.5331111550331116,,,,0.20975783467292786,0.1473885476589203,0.5126667022705078,,,,0.22860035300254822,0.18604174256324768,0.539222240447998,,,,,,,,,,,,,,,,,,,,,,,,,,,,,,,,,
2025-12-12T12:24:46.244058,0.2345045953989029,0.10223404318094254,0.4445555806159973,0.23166081309318542,0.07382771372795105,0.4364444613456726,,,,,,,0.22183334827423096,0.07267457246780396,0.44700002670288086,0.2185596376657486,0.07083839923143387,0.4493333399295807,0.21362783014774323,0.06942041963338852,0.45455557107925415,0.2244378924369812,0.06459709256887436,0.44200003147125244,0.20214354991912842,0.06733474135398865,0.4713333547115326,0.23708349466323853,0.11960954964160919,0.4494444727897644,0.2231379896402359,0.12105023860931396,0.46344447135925293,,,,0.10145257413387299,0.1835946887731552,0.5615556240081787,,,,,,,,,,,,,0.23667345941066742,0.17852608859539032,0.5125555992126465,,,,0.21487924456596375,0.14566175639629364,0.49533334374427795,,,,0.23286448419094086,0.18330729007720947,0.5287777781486511,,,,,,,,,,,,,,,,,,,,,,,,,,,,,,,,,
2025-12-12T12:24:46.305913,0.23086775839328766,0.10110015422105789,0.44600000977516174,0.22888658940792084,0.07265108078718185,0.43800002336502075,0.23124797642230988,0.07154800742864609,0.43566668033599854,0.23232421278953552,0.07072357833385468,0.4350000321865082,0.21938394010066986,0.07210083305835724,0.4480000138282776,0.2169857770204544,0.0703079104423523,0.4506666958332062,0.21195462346076965,0.06810887902975082,0.4557777941226959,0.2233210802078247,0.06396697461605072,0.4426666796207428,0.2014637142419815,0.06659145653247833,0.47155556082725525,0.23300129175186157,0.11794489622116089,0.4515555799007416,0.22159387171268463,0.1199280247092247,0.4650000333786011,,,,0.10227437317371368,0.1834130585193634,0.5610000491142273,,,,,,,,,,,,,0.23542746901512146,0.18100158870220184,0.5172222256660461,,,,0.21704214811325073,0.15181474387645721,0.5022222399711609,,,,0.23155656456947327,0.18209320306777954,0.5277777910232544,,,,,,,,,,,,,,,,,,,,,,,,,,,,,,,,,
2025-12-12T12:24:46.359208,0.23142778873443604,0.10102459788322449,0.44566667079925537,0.22871239483356476,0.07259579002857208,0.4376666843891144,0.23166832327842712,0.07145677506923676,0.4351111352443695,0.23250354826450348,0.06984768062829971,0.43400001525878906,0.2192751169204712,0.07132911682128906,0.44777780771255493,0.2169857770204544,0.06956720352172852,0.4506666958332062,0.2119029462337494,0.06809227168560028,0.4556666910648346,0.2233210802078247,0.06396697461605072,0.4426666796207428,0.2012738436460495,0.06575439125299454,0.47111114859580994,0.23316839337348938,0.11765467375516891,0.45044445991516113,0.2211173176765442,0.11967011541128159,0.46400001645088196,,,,0.1023351401090622,0.18259944021701813,0.5613333582878113,,,,,,,,,,,,,0.23896783590316772,0.18650147318840027,0.52311110496521,,,,0.21941900253295898,0.15563124418258667,0.5038889050483704,,,,0.23206381499767303,0.18113481998443604,0.5250000357627869,,,,,,,,,,,,,,,,,,,,,,,,,,,,,,,,,
2025-12-12T12:24:46.403944,0.22918108105659485,0.10059216618537903,0.44700002670288086,0.22779281437397003,0.07204069197177887,0.4386667013168335,0.23070821166038513,0.07088615745306015,0.4360000193119049,0.23143167793750763,0.06924057006835938,0.4346666932106018,0.21823537349700928,0.07073329389095306,0.44866669178009033,0.21656487882137299,0.06967011839151382,0.4513333737850189,0.2107127457857132,0.06744188815355301,0.45633336901664734,0.22276104986667633,0.06328704208135605,0.44300001859664917,0.2009415477514267,0.06487281620502472,0.47033336758613586,0.23083128035068512,0.1172315701842308,0.4516666829586029,0.2200651466846466,0.11916376650333405,0.4650000333786011,,,,0.10325784981250763,0.18167684972286224,0.5613333582878113,,,,,,,,,,,,,0.22695623338222504,0.18940097093582153,0.5437778234481812,,,,0.19844383001327515,0.1311274617910385,0.518333375453949,,,,0.22116857767105103,0.18205958604812622,0.5405555963516235,,,,,,,,,,,,,,,,,,,,,,,,,,,,,,,,,
2025-12-12T12:24:46.455171,0.22805114090442657,0.10074219107627869,0.4476666748523712,0.22741682827472687,0.07215017080307007,0.43933334946632385,0.23016734421253204,0.07094035297632217,0.4363333582878113,0.23143167793750763,0.06924057006835938,0.4346666932106018,0.21782103180885315,0.07083839923143387,0.4493333697319031,0.21555761992931366,0.06982447952032089,0.45233336091041565,0.21011599898338318,0.06749115139245987,0.4566666781902313,0.22276104986667633,0.06328704208135605,0.44300001859664917,0.20049944519996643,0.06498009711503983,0.47111114859580994,0.22979775071144104,0.11746228486299515,0.4525555670261383,0.21900638937950134,0.11942002922296524,0.4660000205039978,,,,0.10313521325588226,0.18238256871700287,0.5606666803359985,,,,,,,,,,,,,0.21821728348731995,0.19445520639419556,0.5556666851043701,,,,0.20243576169013977,0.14494508504867554,0.5379999876022339,,,,0.216384619474411,0.18648287653923035,0.5509999990463257,,,,,,,,,,,,,,,,,,,,,,,,,,,,,,,,,
2025-12-12T12:24:46.503535,0.225498765707016,0.09870608150959015,0.4484444558620453,0.22537991404533386,0.06952463090419769,0.4410000145435333,0.2276197224855423,0.06838379800319672,0.4383333623409271,0.2296253889799118,0.06740608811378479,0.43666666746139526,0.21656487882137299,0.0689283236861229,0.4513333737850189,0.2143334597349167,0.06767717748880386,0.4528889060020447,0.2089192122220993,0.06533470004796982,0.45733335614204407,0.22276104986667633,0.06255894154310226,0.44300001859664917,0.20045214891433716,0.06419064849615097,0.4710000157356262,0.2275460958480835,0.1155986562371254,0.4540000259876251,0.21686337888240814,0.11720610409975052,0.4663333594799042,,,,0.10303302109241486,0.18220184743404388,0.5601111054420471,,,,,,,,,,,,,0.22677884995937347,0.1943560093641281,0.5476667284965515,,,,0.20851609110832214,0.1557086706161499,0.526555597782135,,,,0.21857161819934845,0.18783845007419586,0.549666702747345,,,,,,,,,,,,,,,,,,,,,,,,,,,,,,,,,
2025-12-12T12:24:46.546191,0.22561052441596985,0.09949240833520889,0.44866669178009033,0.22718676924705505,0.06991314888000488,0.43888890743255615,0.22871239483356476,0.06899911910295486,0.4376666843891144,0.23070821166038513,0.06801977753639221,0.4360000193119049,0.21749785542488098,0.06852106004953384,0.44866669178009033,0.21491959691047668,0.06762736290693283,0.4525555670261383,0.21011599898338318,0.06523945927619934,0.4566666781902313,0.22276104986667633,0.06255894154310226,0.44300001859664917,0.20128580927848816,0.06396350264549255,0.46933335065841675,0.22829237580299377,0.11709101498126984,0.4540000259876251,0.21701838076114655,0.11805687099695206,0.46666666865348816,,,,0.10299213975667953,0.1830497831106186,0.5598888993263245,,,,,,,,,,,,,0.2339925765991211,0.193037748336792,0.5414444804191589,,,,0.21554812788963318,0.15781153738498688,0.5164444446563721,,,,0.22458423674106598,0.184610977768898,0.5402222275733948,,,,,,,,,,,,,,,,,,,,,,,,,,,,,,,,,
2025-12-12T12:24:46.601222,0.22601169347763062,0.09934457391500473,0.4480000138282776,0.22695671021938324,0.06984235346317291,0.43844446539878845,0.22925707697868347,0.06894657015800476,0.437333345413208,0.23070821166038513,0.06801977753639221,0.4360000193119049,0.21749785542488098,0.06852106004953384,0.44866669178009033,0.21545171737670898,0.06756094843149185,0.4521111249923706,0.21115393936634064,0.06509660184383392,0.4556666910648346,0.22186578810214996,0.0625118687748909,0.4426666796207428,0.20128580927848816,0.06396350264549255,0.46933335065841675,0.22829237580299377,0.11709101498126984,0.4540000259876251,0.21717339754104614,0.11890874803066254,0.46700000762939453,,,,0.10299213975667953,0.1830497831106186,0.5598888993263245,,,,,,,,,,,,,0.22698619961738586,0.19196973741054535,0.5460000038146973,,,,0.21217012405395508,0.1612546294927597,0.5248889327049255,,,,0.22207781672477722,0.18459221720695496,0.5427778363227844,,,,,,,,,,,,,,,,,,,,,,,,,,,,,,,,,
2025-12-12T12:24:46.645757,0.22601169347763062,0.09934457391500473,0.4480000138282776,0.22695671021938324,0.06984235346317291,0.43844446539878845,0.22925707697868347,0.06894657015800476,0.437333345413208,0.23070821166038513,0.06801977753639221,0.4360000193119049,0.21749785542488098,0.06852106004953384,0.44866669178009033,0.21545171737670898,0.06756094843149185,0.4521111249923706,0.2117479294538498,0.0657973513007164,0.4553333520889282,0.22130465507507324,0.06328704208135605,0.44300001859664917,0.20128580927848816,0.06473488360643387,0.46933335065841675,0.22875836491584778,0.11769299954175949,0.4534444510936737,0.21717339754104614,0.11890874803066254,0.46700000762939453,,,,0.10372689366340637,0.18364141881465912,0.5588889122009277,,,,,,,,,,,,,0.22565774619579315,0.185651496052742,0.5406666994094849,,,,0.2124015986919403,0.15991660952568054,0.5233333706855774,,,,0.2214181125164032,0.1806497871875763,0.5390000343322754,,,,,,,,,,,,,,,,,,,,,,,,,,,,,,,,,
2025-12-12T12:24:46.699909,0.22979064285755157,0.09875323623418808,0.4453333616256714,0.2283402383327484,0.06982465833425522,0.4383333623409271,0.2296253889799118,0.06884146481752396,0.43666666746139526,0.23124797642230988,0.06796777248382568,0.43566668033599854,0.21951982378959656,0.06896689534187317,0.4467777907848358,0.21587610244750977,0.06746132671833038,0.45144447684288025,0.2122890055179596,0.06573312729597092,0.4548889100551605,0.22152668237686157,0.06335053592920303,0.44344446063041687,0.20167459547519684,0.06461228430271149,0.46844446659088135,0.2292787730693817,0.11757764220237732,0.453000009059906,0.21778547763824463,0.11882387101650238,0.46666666865348816,,,,0.10372689366340637,0.18364141881465912,0.5588889122009277,,,,,,,,,,,,,0.23072783648967743,0.18057717382907867,0.5258889198303223,,,,0.21648263931274414,0.15543486177921295,0.5086666941642761,,,,0.22683608531951904,0.17659065127372742,0.526888906955719,,,,,,,,,,,,,,,,,,,,,,,,,,,,,,,,,
2025-12-12T12:24:46.744739,0.2290101796388626,0.0990489050745964,0.4466666877269745,0.22695671021938324,0.06984235346317291,0.43844446539878845,0.2296253889799118,0.06955915689468384,0.43666666746139526,0.23070821166038513,0.06801977753639221,0.4360000193119049,0.2184848189353943,0.06910410523414612,0.4476666748523712,0.21529288589954376,0.06751114130020142,0.4517778158187866,0.21202972531318665,0.06565284729003906,0.4543333351612091,0.22130465507507324,0.06328704208135605,0.44300001859664917,0.20167459547519684,0.06461228430271149,0.46844446659088135,0.2292787730693817,0.11757764220237732,0.453000009059906,0.21762993931770325,0.11873900145292282,0.4663333594799042,,,,0.10372689366340637,0.18364141881465912,0.5588889122009277,,,,,,,,,,,,,0.23073773086071014,0.17838387191295624,0.5220000147819519,,,,0.2031605988740921,0.12755069136619568,0.49455559253692627,,,,0.2271704524755478,0.1755107045173645,0.5236666798591614,,,,,,,,,,,,,,,,,,,,,,,,,,,,,,,,,
2025-12-12T12:24:46.806071,0.23301425576210022,0.09971701353788376,0.4431111216545105,0.23070821166038513,0.07088615745306015,0.4360000193119049,0.23161210119724274,0.06979403644800186,0.4336667060852051,,,,0.22117164731025696,0.06952786445617676,0.44566670060157776,0.2168787717819214,0.06805222481489182,0.45044445991516113,0.21305342018604279,0.0662534311413765,0.4533333480358124,0.22186578810214996,0.06323941797018051,0.4426666796207428,0.20167459547519684,0.06461228430271149,0.46844446659088135,0.23174461722373962,0.11880385875701904,0.4520000219345093,0.21951037645339966,0.12004265189170837,0.4654444754123688,,,,0.10282862931489944,0.18367792665958405,0.5590000152587891,,,,,,,,,,,,,0.23341824114322662,0.17672373354434967,0.5146666765213013,,,,0.2031874805688858,0.13377344608306885,0.502666711807251,,,,0.23007884621620178,0.17401377856731415,0.5166667103767395,,,,,,,,,,,,,,,,,,,,,,,,,,,,,,,,,
